{"cameraMode":{"drawMode":0,"name":"Shaded","section":"Shading Mode"},"sceneLighting":false,"audioPlay":false,"sceneViewState":{"m_AlwaysRefresh":false,"showFog":true,"showSkybox":false,"showFlares":true,"showImageEffects":true,"showParticleSystems":true,"showVisualEffectGraphs":true,"m_FxEnabled":true},"in2DMode":false,"pivot":{"x":16.01525115966797,"y":0.056922223418951038,"z":34.692684173583987},"rotation":{"x":-0.398787260055542,"y":0.27766597270965578,"z":-0.12665577232837678,"w":-0.8654900789260864},"size":0.11990326642990112,"orthographic":false}