{"cameraMode":{"drawMode":0,"name":"Shaded","section":"Shading Mode"},"sceneLighting":true,"audioPlay":false,"sceneViewState":{"m_AlwaysRefresh":false,"showFog":true,"showSkybox":true,"showFlares":true,"showImageEffects":true,"showParticleSystems":true,"showVisualEffectGraphs":true,"m_FxEnabled":true},"in2DMode":false,"pivot":{"x":43.2136116027832,"y":0.8538364171981812,"z":26.115036010742189},"rotation":{"x":0.04715186730027199,"y":0.1067836806178093,"z":-0.004877724684774876,"w":0.9933659434318543},"size":0.09181813150644303,"orthographic":false}