{"cameraMode":{"drawMode":0,"name":"Shaded","section":"Shading Mode"},"sceneLighting":false,"audioPlay":false,"sceneViewState":{"m_AlwaysRefresh":false,"showFog":true,"showSkybox":false,"showFlares":true,"showImageEffects":true,"showParticleSystems":true,"showVisualEffectGraphs":true,"m_FxEnabled":true},"in2DMode":false,"pivot":{"x":0.4510749578475952,"y":-0.06931284070014954,"z":0.14331525564193726},"rotation":{"x":-0.4103781282901764,"y":0.22055241465568543,"z":-0.1016291007399559,"w":-0.8796935081481934},"size":0.6777945756912231,"orthographic":false}