{"cameraMode":{"drawMode":0,"name":"Shaded","section":"Shading Mode"},"sceneLighting":true,"audioPlay":false,"sceneViewState":{"m_AlwaysRefresh":false,"showFog":true,"showSkybox":true,"showFlares":true,"showImageEffects":true,"showParticleSystems":true,"showVisualEffectGraphs":true,"m_FxEnabled":true},"in2DMode":false,"pivot":{"x":19.948965072631837,"y":-104.89839172363281,"z":220.5467071533203},"rotation":{"x":-0.2568075358867645,"y":-0.025803696364164354,"z":0.006857804488390684,"w":-0.9661015868186951},"size":109.62532043457031,"orthographic":false}