{"cameraMode":{"drawMode":0,"name":"Shaded","section":"Shading Mode"},"sceneLighting":true,"audioPlay":false,"sceneViewState":{"m_AlwaysRefresh":false,"showFog":true,"showSkybox":true,"showFlares":true,"showImageEffects":true,"showParticleSystems":true,"showVisualEffectGraphs":true,"m_FxEnabled":true},"in2DMode":false,"pivot":{"x":26.793376922607423,"y":-11.998516082763672,"z":63.025657653808597},"rotation":{"x":0.2559300363063812,"y":0.004421618767082691,"z":-0.003311020554974675,"w":0.9675024151802063},"size":19.065895080566408,"orthographic":false}