{"cameraMode":{"drawMode":0,"name":"Shaded","section":"Shading Mode"},"sceneLighting":true,"audioPlay":false,"sceneViewState":{"m_AlwaysRefresh":false,"showFog":true,"showSkybox":true,"showFlares":true,"showImageEffects":true,"showParticleSystems":true,"showVisualEffectGraphs":true,"m_FxEnabled":true},"in2DMode":false,"pivot":{"x":929.1934204101563,"y":536.0470581054688,"z":286.4370422363281},"rotation":{"x":0.019823772832751275,"y":0.0026666701305657627,"z":-0.00046114789438433945,"w":1.0003552436828614},"size":1135.0174560546875,"orthographic":true}