{"cameraMode":{"drawMode":0,"name":"Shaded","section":"Shading Mode"},"sceneLighting":false,"audioPlay":false,"sceneViewState":{"m_AlwaysRefresh":false,"showFog":true,"showSkybox":false,"showFlares":true,"showImageEffects":true,"showParticleSystems":true,"showVisualEffectGraphs":true,"m_FxEnabled":true},"in2DMode":false,"pivot":{"x":16.603944778442384,"y":0.05439285188913345,"z":34.80464172363281},"rotation":{"x":-0.39853939414024355,"y":0.2774933874607086,"z":-0.12657704949378968,"w":-0.8649520874023438},"size":19.67674446105957,"orthographic":false}