{"cameraMode":{"drawMode":0,"name":"Shaded","section":"Shading Mode"},"sceneLighting":true,"audioPlay":false,"sceneViewState":{"m_AlwaysRefresh":false,"showFog":true,"showSkybox":true,"showFlares":true,"showImageEffects":true,"showParticleSystems":true,"showVisualEffectGraphs":true,"m_FxEnabled":true},"in2DMode":false,"pivot":{"x":10.107370376586914,"y":-25.16655731201172,"z":55.37184143066406},"rotation":{"x":0.34462273120880129,"y":0.045236870646476749,"z":-0.016897639259696008,"w":0.9376962184906006},"size":21.905109405517579,"orthographic":false}