{"cameraMode":{"drawMode":0,"name":"Shaded","section":"Shading Mode"},"sceneLighting":false,"audioPlay":false,"sceneViewState":{"m_AlwaysRefresh":false,"showFog":true,"showSkybox":false,"showFlares":true,"showImageEffects":true,"showParticleSystems":true,"showVisualEffectGraphs":true,"m_FxEnabled":true},"in2DMode":false,"pivot":{"x":0.03791918605566025,"y":0.12800413370132447,"z":-0.06420862674713135},"rotation":{"x":-0.015296523459255696,"y":0.9133076071739197,"z":-0.407184362411499,"w":-0.032262519001960757},"size":0.38479316234588625,"orthographic":false}