{"cameraMode":{"drawMode":0,"name":"Shaded","section":"Shading Mode"},"sceneLighting":false,"audioPlay":false,"sceneViewState":{"m_AlwaysRefresh":false,"showFog":true,"showSkybox":false,"showFlares":true,"showImageEffects":true,"showParticleSystems":true,"showVisualEffectGraphs":true,"m_FxEnabled":true},"in2DMode":false,"pivot":{"x":8.175443649291993,"y":0.07907302677631378,"z":8.205801010131836},"rotation":{"x":-0.36519765853881838,"y":0.37571826577186587,"z":-0.16267190873622895,"w":-0.8368096351623535},"size":0.16949765384197236,"orthographic":false}