{"cameraMode":{"drawMode":0,"name":"Shaded","section":"Shading Mode"},"sceneLighting":false,"audioPlay":false,"sceneViewState":{"m_AlwaysRefresh":false,"showFog":true,"showSkybox":false,"showFlares":true,"showImageEffects":true,"showParticleSystems":true,"showVisualEffectGraphs":true,"m_FxEnabled":true},"in2DMode":false,"pivot":{"x":126.55999755859375,"y":36.758392333984378,"z":36.72491455078125},"rotation":{"x":-0.23735752701759339,"y":0.010589268989861012,"z":-0.0009405581513419747,"w":-0.9723366498947144},"size":325.37103271484377,"orthographic":false}