{"cameraMode":{"drawMode":0,"name":"Shaded","section":"Shading Mode"},"sceneLighting":true,"audioPlay":false,"sceneViewState":{"m_AlwaysRefresh":false,"showFog":true,"showSkybox":true,"showFlares":true,"showImageEffects":true,"showParticleSystems":true,"showVisualEffectGraphs":true,"m_FxEnabled":true},"in2DMode":false,"pivot":{"x":43.924339294433597,"y":2.3784549236297609,"z":38.646240234375},"rotation":{"x":0.0028595596086233856,"y":-0.9908305406570435,"z":0.13458283245563508,"w":0.020508363842964174},"size":0.008772235363721848,"orthographic":false}