{"cameraMode":{"drawMode":0,"name":"Shaded","section":"Shading Mode"},"sceneLighting":true,"audioPlay":false,"sceneViewState":{"m_AlwaysRefresh":false,"showFog":true,"showSkybox":true,"showFlares":true,"showImageEffects":true,"showParticleSystems":true,"showVisualEffectGraphs":true,"m_FxEnabled":true},"in2DMode":false,"pivot":{"x":24.99000358581543,"y":-319.707275390625,"z":443.47882080078127},"rotation":{"x":0.32631003856658938,"y":0.005671629682183266,"z":-0.0019576819613575937,"w":0.9452535510063171},"size":261.0052795410156,"orthographic":false}