{"cameraMode":{"drawMode":0,"name":"Shaded","section":"Shading Mode"},"sceneLighting":false,"audioPlay":false,"sceneViewState":{"m_AlwaysRefresh":false,"showFog":true,"showSkybox":false,"showFlares":true,"showImageEffects":true,"showParticleSystems":true,"showVisualEffectGraphs":true,"m_FxEnabled":true},"in2DMode":false,"pivot":{"x":8.149453163146973,"y":0.19027988612651826,"z":8.176886558532715},"rotation":{"x":0.3171515166759491,"y":0.21540099382400514,"z":0.07559366524219513,"w":-0.9214884042739868},"size":0.09004328399896622,"orthographic":false}