{"cameraMode":{"drawMode":0,"name":"Shaded","section":"Shading Mode"},"sceneLighting":false,"audioPlay":false,"sceneViewState":{"m_AlwaysRefresh":false,"showFog":true,"showSkybox":false,"showFlares":true,"showImageEffects":true,"showParticleSystems":true,"showVisualEffectGraphs":true,"m_FxEnabled":true},"in2DMode":false,"pivot":{"x":-0.17816372215747834,"y":0.0844506025314331,"z":0.06715893745422363},"rotation":{"x":0.21935203671455384,"y":0.0482785701751709,"z":-0.010832663625478745,"w":0.9744529724121094},"size":2.2207953929901125,"orthographic":false}